Battery_Type,Battery Saver,Continuous Monitoring,Frequent Detection,Moderate Detection,Rare Detection
18650 Li-Ion,205.04166666666666,2.375,16.958333333333332,32.375,103.70833333333333
AA Alkaline,148.08333333333334,1.7083333333333333,12.25,23.375,74.875
CR123A Lithium,89.91666666666667,1.0416666666666667,7.458333333333333,14.208333333333334,45.5
LiPo 500mAh,30.083333333333332,0.375,2.5,4.75,15.208333333333334
