{
  "MP1": {
    "measurement_point": "MP1: Gesamtsystem",
    "total_duration_s": 119.999,
    "operating_modes": {
      "sleep": {
        "duration_s": 117.79501836666667,
        "avg_current_ma": 0.5001096549060043,
        "peak_current_ma": 0.7294345509985496,
        "energy_mah": 0.016364007218055587,
        "sample_count": "117796"
      },
      "wakeup": {
        "duration_s": 0.22899809166666665,
        "avg_current_ma": 9.693571693400905,
        "peak_current_ma": 11.882345962538906,
        "energy_mah": 0.000616613727561896,
        "sample_count": "229"
      },
      "camera_init": {
        "duration_s": 0.7999933333333333,
        "avg_current_ma": 25.01117356247287,
        "peak_current_ma": 30.818804166281595,
        "energy_mah": 0.005557992252450337,
        "sample_count": "800"
      },
      "image_capture": {
        "duration_s": 0.39999666666666667,
        "avg_current_ma": 50.18503880988449,
        "peak_current_ma": 58.08478691012628,
        "energy_mah": 0.005576068955691972,
        "sample_count": "400"
      },
      "inference": {
        "duration_s": 0.2159982,
        "avg_current_ma": 153.81817432301588,
        "peak_current_ma": 196.15262617953056,
        "energy_mah": 0.009229013550293791,
        "sample_count": "216"
      },
      "data_logging": {
        "duration_s": 0.5589953416666666,
        "avg_current_ma": 13.497918056477577,
        "peak_current_ma": 17.763900951526225,
        "energy_mah": 0.0020959092543803757,
        "sample_count": "559"
      }
    },
    "duty_cycle_analysis": {
      "sleep": 98.16333333333334,
      "wakeup": 0.19083333333333333,
      "camera_init": 0.6666666666666667,
      "image_capture": 0.33333333333333337,
      "inference": 0.18,
      "data_logging": 0.46583333333333327
    },
    "average_power_consumption_mw": 3.904553428830201,
    "peak_power_consumption_mw": 647.3036663924509,
    "estimated_battery_life_hours": {
      "CR123A": 1267.750612259649,
      "AA_Alkaline": 2112.9176870994147,
      "18650_LiIon": 2873.568054455204,
      "LiPo_500mAh": 422.58353741988293
    }
  },
  "MP2": {
    "measurement_point": "MP2: Buck-Boost Eingang",
    "total_duration_s": 119.999,
    "operating_modes": {
      "sleep": {
        "duration_s": 117.79501836666667,
        "avg_current_ma": 0.5001096549060043,
        "peak_current_ma": 0.7294345509985496,
        "energy_mah": 0.016364007218055587,
        "sample_count": "117796"
      },
      "wakeup": {
        "duration_s": 0.22899809166666665,
        "avg_current_ma": 9.693571693400905,
        "peak_current_ma": 11.882345962538906,
        "energy_mah": 0.000616613727561896,
        "sample_count": "229"
      },
      "camera_init": {
        "duration_s": 0.7999933333333333,
        "avg_current_ma": 25.01117356247287,
        "peak_current_ma": 30.818804166281595,
        "energy_mah": 0.005557992252450337,
        "sample_count": "800"
      },
      "image_capture": {
        "duration_s": 0.39999666666666667,
        "avg_current_ma": 50.18503880988449,
        "peak_current_ma": 58.08478691012628,
        "energy_mah": 0.005576068955691972,
        "sample_count": "400"
      },
      "inference": {
        "duration_s": 0.2159982,
        "avg_current_ma": 153.81817432301588,
        "peak_current_ma": 196.15262617953056,
        "energy_mah": 0.009229013550293791,
        "sample_count": "216"
      },
      "data_logging": {
        "duration_s": 0.5589953416666666,
        "avg_current_ma": 13.497918056477577,
        "peak_current_ma": 17.763900951526225,
        "energy_mah": 0.0020959092543803757,
        "sample_count": "559"
      }
    },
    "duty_cycle_analysis": {
      "sleep": 98.16333333333334,
      "wakeup": 0.19083333333333333,
      "camera_init": 0.6666666666666667,
      "image_capture": 0.33333333333333337,
      "inference": 0.18,
      "data_logging": 0.46583333333333327
    },
    "average_power_consumption_mw": 3.904553428830201,
    "peak_power_consumption_mw": 647.3036663924509,
    "estimated_battery_life_hours": {
      "CR123A": 1267.750612259649,
      "AA_Alkaline": 2112.9176870994147,
      "18650_LiIon": 2873.568054455204,
      "LiPo_500mAh": 422.58353741988293
    }
  },
  "MP3": {
    "measurement_point": "MP3: Buck-Boost Ausgang (3.3V)",
    "total_duration_s": 119.999,
    "operating_modes": {
      "sleep": {
        "duration_s": 117.79501836666667,
        "avg_current_ma": 0.5001096549060043,
        "peak_current_ma": 0.7294345509985496,
        "energy_mah": 0.016364007218055587,
        "sample_count": "117796"
      },
      "wakeup": {
        "duration_s": 0.22899809166666665,
        "avg_current_ma": 9.693571693400905,
        "peak_current_ma": 11.882345962538906,
        "energy_mah": 0.000616613727561896,
        "sample_count": "229"
      },
      "camera_init": {
        "duration_s": 0.7999933333333333,
        "avg_current_ma": 25.01117356247287,
        "peak_current_ma": 30.818804166281595,
        "energy_mah": 0.005557992252450337,
        "sample_count": "800"
      },
      "image_capture": {
        "duration_s": 0.39999666666666667,
        "avg_current_ma": 50.18503880988449,
        "peak_current_ma": 58.08478691012628,
        "energy_mah": 0.005576068955691972,
        "sample_count": "400"
      },
      "inference": {
        "duration_s": 0.2159982,
        "avg_current_ma": 153.81817432301588,
        "peak_current_ma": 196.15262617953056,
        "energy_mah": 0.009229013550293791,
        "sample_count": "216"
      },
      "data_logging": {
        "duration_s": 0.5589953416666666,
        "avg_current_ma": 13.497918056477577,
        "peak_current_ma": 17.763900951526225,
        "energy_mah": 0.0020959092543803757,
        "sample_count": "559"
      }
    },
    "duty_cycle_analysis": {
      "sleep": 98.16333333333334,
      "wakeup": 0.19083333333333333,
      "camera_init": 0.6666666666666667,
      "image_capture": 0.33333333333333337,
      "inference": 0.18,
      "data_logging": 0.46583333333333327
    },
    "average_power_consumption_mw": 3.904553428830201,
    "peak_power_consumption_mw": 647.3036663924509,
    "estimated_battery_life_hours": {
      "CR123A": 1267.750612259649,
      "AA_Alkaline": 2112.9176870994147,
      "18650_LiIon": 2873.568054455204,
      "LiPo_500mAh": 422.58353741988293
    }
  },
  "MP4": {
    "measurement_point": "MP4: RP2040 MCU",
    "total_duration_s": 119.999,
    "operating_modes": {
      "sleep": {
        "duration_s": 117.79501836666667,
        "avg_current_ma": 0.5001096549060043,
        "peak_current_ma": 0.7294345509985496,
        "energy_mah": 0.016364007218055587,
        "sample_count": "117796"
      },
      "wakeup": {
        "duration_s": 0.22899809166666665,
        "avg_current_ma": 9.693571693400905,
        "peak_current_ma": 11.882345962538906,
        "energy_mah": 0.000616613727561896,
        "sample_count": "229"
      },
      "camera_init": {
        "duration_s": 0.7999933333333333,
        "avg_current_ma": 25.01117356247287,
        "peak_current_ma": 30.818804166281595,
        "energy_mah": 0.005557992252450337,
        "sample_count": "800"
      },
      "image_capture": {
        "duration_s": 0.39999666666666667,
        "avg_current_ma": 50.18503880988449,
        "peak_current_ma": 58.08478691012628,
        "energy_mah": 0.005576068955691972,
        "sample_count": "400"
      },
      "inference": {
        "duration_s": 0.2159982,
        "avg_current_ma": 153.81817432301588,
        "peak_current_ma": 196.15262617953056,
        "energy_mah": 0.009229013550293791,
        "sample_count": "216"
      },
      "data_logging": {
        "duration_s": 0.5589953416666666,
        "avg_current_ma": 13.497918056477577,
        "peak_current_ma": 17.763900951526225,
        "energy_mah": 0.0020959092543803757,
        "sample_count": "559"
      }
    },
    "duty_cycle_analysis": {
      "sleep": 98.16333333333334,