{
  "complexity_simulation": {
    "param_counts": [
      500,
      1000,
      2000,
      5000,
      10000,
      20000,
      50000,
      100000,
      200000,
      500000
    ],
    "model_sizes": {
      "32bit": [
        1.953125,
        3.90625,
        7.8125,
        19.53125,
        39.0625,
        78.125,
        195.3125,
        390.625,
        781.25,
        1953.125
      ],
      "16bit": [
        0.9765625,
        1.953125,
        3.90625,
        9.765625,
        19.53125,
        39.0625,
        97.65625,
        195.3125,
        390.625,
        976.5625
      ],
      "8bit": [
        0.48828125,
        0.9765625,
        1.953125,
        4.8828125,
        9.765625,
        19.53125,
        48.828125,
        97.65625,
        195.3125,
        488.28125
      ]
    },
    "flash_usage_percent": [
      0.027933709954233412,
      0.055867419908466824,
      0.11173483981693365,
      0.2793370995423341,
      0.5586741990846682,
      1.1173483981693364,
      2.793370995423341,
      5.586741990846682,
      11.173483981693364,
      27.93370995423341
    ]
  },
  "input_size_simulation": {
    "input_sizes": [
      "28x28",
      "32x32",
      "48x48",
      "64x64",
      "96x96",
      "128x128",
      "160x160",
      "224x224"
    ],
    "input_memory_kb": [
      9.1875,
      12.0,
      27.0,
      48.0,
      108.0,
      192.0,
      300.0,
      588.0
    ],
    "activation_memory_kb": [
      45.9375,
      60.0,
      135.0,
      240.0,
      540.0,
      960.0,
      1500.0,
      2940.0
    ],
    "total_runtime_kb": [
      65.46875,
      79.53125,
      154.53125,
      259.53125,
      559.53125,
      979.53125,
      1519.53125,
      2959.53125
    ],
    "ram_usage_percent": [
      32.09252450980392,
      38.9859068627451,
      75.75061274509804,
      127.22120098039215,
      274.2800245098039,
      480.1623774509804,
      744.8682598039215,
      1450.7506127450981
    ]
  },
  "memory_limits": {
    "flash_total_kb": 2048,
    "ram_total_kb": 264,
    "flash_available_kb": 1748,
    "ram_available_kb": 204
  }
}