{
  "train_loss": [
    1.7938644303215874,
    1.7907395018471612,
    1.7858437803056506,
    1.7796838813357883,
    1.7629217889573838,
    1.7525123331281873,
    1.7221882184346518,
    1.7116501304838392,
    1.6376009225845336,
    1.627240122689141,
    1.556458944744534,
    1.4464097526338366,
    1.4081509537167018
  ],
  "train_loss_main": [
    1.7954602347479927,
    1.789849959479438,
    1.7803870969348483,
    1.7697931263181899,
    1.7386680417590672,
    1.7213094207975599,
    1.6666838513480293,
    1.652876573138767,
    1.5292522933748034,
    1.5269333256615534,
    1.4358175622092353,
    1.3171906921598646,
    1.310082541571723
  ],
  "train_loss_early": [
    1.7922686603334215,
    1.7916290866004096,
    1.7913004981146918,
    1.7895746019151475,
    1.7871755785412258,
    1.7837151686350505,
    1.7776925086975097,
    1.7704236878289117,
    1.7459495941797891,
    1.7275468428929648,
    1.6771002928415935,
    1.5756288554933335,
    1.5062193738089666
  ],
  "val_loss": [
    1.7911709547042847,
    1.7907025814056396,
    1.7904469966888428,
    1.7904536724090576,
    1.7910616397857666,
    1.7926578521728516,
    1.796276330947876,
    1.8004883527755737,
    1.8086342811584473,
    1.823441982269287,
    1.8416519165039062,
    1.881783366203308,
    1.9389063119888306
  ],
  "train_acc": [
    2.2222222222222223,
    0.0,
    6.666666666666667,
    11.11111111111111,
    28.88888888888889,
    17.77777777777778,
    24.444444444444443,
    20.0,
    31.11111111111111,
    20.0,
    33.333333333333336,
    35.55555555555556,
    33.333333333333336
  ],
  "train_acc_early": [
    17.77777777777778,
    15.555555555555555,
    15.555555555555555,
    26.666666666666668,
    24.444444444444443,
    22.22222222222222,
    22.22222222222222,
    22.22222222222222,
    31.11111111111111,
    26.666666666666668,
    33.333333333333336,
    35.55555555555556,
    33.333333333333336
  ],
  "val_acc": [
    8.333333333333334,
    8.333333333333334,
    8.333333333333334,
    8.333333333333334,
    8.333333333333334,
    8.333333333333334,
    8.333333333333334,
    8.333333333333334,
    8.333333333333334,
    0.0,
    0.0,
    0.0,
    0.0
  ],
  "val_acc_early": [
    0.0,
    0.0,
    0.0,
    0.0,
    0.0,
    0.0,
    0.0,
    0.0,
    0.0,
    0.0,
    0.0,
    0.0,
    0.0
  ],
  "early_exit_rate": [
    0.0,
    0.0,
    0.0,
    0.0,
    0.0,
    0.0,
    0.0,
    0.0,
    0.0,
    0.0,
    0.0,
    0.0,
    0.0
  ],
  "lr": [
    0.0001019390086676869,
    0.00016675328445966238,
    0.00027148040871261404,
    0.00041133369541252623,
    0.0005799209727487453,
    0.0007695367454322276,
    0.000971514384128737,
    0.0011766222447423536,
    0.0013754856124151343,
    0.0015590151847573734,
    0.0017188225099390856,
    0.0018476033915179341,
    0.0019394717359997712
  ]
}