{
  "qat_training": {
    "train_loss": [
      1.7929131587346394,
      1.8123473193910387,
      1.7928033987681071,
      1.7665366252263388,
      1.736229125658671,
      1.691176758872138,
      1.6842637088563708,
      1.6362003326416015,
      1.5450258043077256,
      1.5004695177078247,
      1.460911348130968,
      1.4689813322491116,
      1.4297860648896958,
      1.328923315472073,
      1.2741429567337037,
      1.2715494871139525,
      1.2822677082485623,
      1.3616420110066731,
      1.3015049378077188,
      1.216513164838155,
      1.143001553747389,
      1.2464237954881456,
      1.197603744930691,
      1.2242219209671021,
      1.1557221704059177,
      1.192409020000034,
      1.1843050877253214,
      1.1379313945770264,
      1.0994123538335165,
      1.1912289884355334
    ],
    "val_loss": [
      1.8134980201721191,
      1.8266021013259888,
      1.83049738407135,
      1.8274240493774414,
      1.8232046365737915,
      1.8062185049057007,
      1.789869785308838,
      1.7689354419708252,
      1.73968505859375,
      1.7221524715423584,
      1.7167836427688599,
      1.7198536396026611,
      1.708867073059082,
      1.6855207681655884,
      1.68712317943573,
      1.6918686628341675,
      1.6913269758224487,
      1.6781704425811768,
      1.6141688823699951,
      1.644687294960022,
      1.611509919166565,
      1.5944567918777466,
      1.608869194984436,
      1.5896599292755127,
      1.5997262001037598,
      1.5862942934036255,
      1.6083309650421143,
      1.5969551801681519,
      1.591354489326477,
      1.5967684984207153
    ],
    "train_acc": [
      22.22222222222222,
      15.555555555555555,
      20.0,
      37.77777777777778,
      35.55555555555556,
      35.55555555555556,
      28.88888888888889,
      33.333333333333336,
      31.11111111111111,
      37.77777777777778,
      40.0,
      46.666666666666664,
      42.22222222222222,
      57.77777777777778,
      53.333333333333336,
      46.666666666666664,
      42.22222222222222,
      31.11111111111111,
      42.22222222222222,
      44.44444444444444,
      51.111111111111114,
      46.666666666666664,
      48.888888888888886,
      46.666666666666664,
      44.44444444444444,
      48.888888888888886,
      44.44444444444444,
      48.888888888888886,
      62.22222222222222,
      51.111111111111114
    ],
    "val_acc": [
      0.0,
      0.0,
      0.0,
      0.0,
      0.0,
      0.0,
      0.0,
      0.0,
      0.0,
      0.0,
      0.0,
      0.0,
      8.333333333333334,
      8.333333333333334,
      8.333333333333334,
      8.333333333333334,
      8.333333333333334,
      8.333333333333334,
      8.333333333333334,
      0.0,
      8.333333333333334,
      8.333333333333334,
      0.0,
      8.333333333333334,
      8.333333333333334,
      16.666666666666668,
      8.333333333333334,
      8.333333333333334,
      16.666666666666668,
      16.666666666666668
    ],
    "lr": [
      7.119220351100078e-05,
      0.00016071484087787152,
      0.00029693287741899106,
      0.000462142393477445,
      0.0006348715188580276,
      0.0007926710784309548,
      0.000915032255628955,
      0.000986052072364505,
      0.0009993784630956187,
      0.0009900862835792962,
      0.0009698464310077126,
      0.0009391110302419674,
      0.0008985666593464467,
      0.0008491190125694001,
      0.0007918726686300504,
      0.0007281064162552668,
      0.0006592446881525417,
      0.0005868257415371098,
      0.0005124672960076529,
      0.0004378303963636668,
      0.00036458230760943376,
      0.0002943592710089006,
      0.00022872995315964808,
      0.0001691604045732456,
      0.00011698131052939728,
      7.335826576568546e-05,
      3.9265737017219875e-05,
      1.546529504003353e-05,
      2.4886023788500257e-06,
      6.255369043812655e-07
    ],
    "training_time": 6.115513324737549
  },
  "quantized_model": {
    "model_path": "models_optimized/pizza_model_int8_qat.pth",
    "model_size_kb": 126.08203125,
    "quantization_method": "QAT",
    "accuracy": 0.0,
    "class_accuracies": [
      0.0,
      0.0,
      0.0,
      0.0,
      0.0,
      0.0
    ],
    "avg_inference_time_ms": 0.0,
    "error": "'FakeQuantize' object has no attribute 'activation_post_process'"
  }
}