model_name,accuracy,f1_score,precision,recall,params_count,model_size_kb,int8_size_kb,inference_time_ms,estimated_rp2040_time_ms,ram_usage_kb,training_time_s
MicroPizzaNet (Original),41.66666666666667,0.42424242424242425,0.5625,0.4166666666666667,582,2.53515625,0.6337890625,0.12682199478149414,4.438769817352295,102.0947265625,3.23222279548645
MicroPizzaNetWithSE (SE-Ratio=4),0.0,0.0,0.0,0.0,742,3.16015625,0.7900390625,0.22179841995239258,7.762944698333739,102.4853515625,3.1223812103271484
MicroPizzaNetWithSE (SE-Ratio=8),0.0,0.0,0.0,0.0,662,2.84765625,0.7119140625,0.2202010154724121,7.707035541534424,102.3837890625,3.1922261714935303
