{
  "original_file": "augmented_pizza_legacy/pizza_1_basic_8_0.jpg",
  "augmentation_types": [
    "geometric_pizza_reshaping",
    "enhanced_burning",
    "enhanced_mixed"
  ],
  "spatial_features_original": {
    "depth_variance": 0.025633351877331734,
    "surface_roughness": 0.2728767395019531,
    "edge_density": 0.0024386360310018063,
    "spatial_complexity": 0.04570533335208893,
    "dominant_depth_regions": [
      [
        0.15415691477467539,
        0.6694371104240417,
        0.011236726306378841
      ],
      [
        0.5734857858409982,
        0.3807919919490814,
        0.0026991621125489473
      ],
      [
        0.2723572993843264,
        0.20714184641838074,
        0.004789764992892742
      ]
    ],
    "surface_texture_complexity": 0.0075642988085746765
  },
  "spatial_features_augmented": [
    {
      "depth_variance": 0.031174039468169212,
      "surface_roughness": 0.25386735796928406,
      "edge_density": 0.002132856985554099,
      "spatial_complexity": 0.04215013608336449,
      "dominant_depth_regions": [
        [
          0.2355473233851612,
          0.1895667463541031,
          0.007632030639797449
        ],
        [
          0.1445640345254245,
          0.7191925048828125,
          0.015189176425337791
        ],
        [
          0.6198886420894143,
          0.3824580907821655,
          0.003282698104158044
        ]
      ],
      "surface_texture_complexity": 0.006401365157216787
    },
    {
      "depth_variance": 0.025636937469244003,
      "surface_roughness": 0.2729257047176361,
      "edge_density": 0.0024387985467910767,
      "spatial_complexity": 0.045717593282461166,
      "dominant_depth_regions": [
        [
          0.5696098746291797,
          0.3819924592971802,
          0.002702019177377224
        ],
        [
          0.15273326277187282,
          0.6707766056060791,
          0.011147180572152138
        ],
        [
          0.27765686259894756,
          0.2087797224521637,
          0.004838225897401571
        ]
      ],
      "surface_texture_complexity": 0.007566732820123434
    },
    {
      "depth_variance": 0.024893779307603836,
      "surface_roughness": 0.2708107829093933,
      "edge_density": 0.0024799949023872614,
      "spatial_complexity": 0.044929418712854385,
      "dominant_depth_regions": [
        [
          0.5734485174639615,
          0.38253310322761536,
          0.002634661504998803
        ],
        [
          0.14985987090234196,
          0.6674618124961853,
          0.011005789041519165
        ],
        [
          0.2766916116336966,
          0.20986655354499817,
          0.0048569985665380955
        ]
      ],
      "surface_texture_complexity": 0.007450683042407036
    }
  ],
  "quality_scores": [
    0.5270153805083824,
    0.75,
    0.75
  ],
  "spatial_consistency_score": 0.9565581682590327,
  "processing_time": 1.2286505699157715
}