{
  "original_file": "augmented_pizza_legacy/pizza_1_basic_4_0.jpg",
  "augmentation_types": [
    "geometric_pizza_reshaping",
    "enhanced_burning",
    "enhanced_mixed"
  ],
  "spatial_features_original": {
    "depth_variance": 0.034200649708509445,
    "surface_roughness": 0.24686625599861145,
    "edge_density": -0.0003963211493100971,
    "spatial_complexity": 0.04027160257101059,
    "dominant_depth_regions": [
      [
        0.6871543358029845,
        0.37105587124824524,
        0.004006438422948122
      ],
      [
        0.15946765850240754,
        0.07201647758483887,
        0.0074480255134403706
      ],
      [
        0.15337800569460802,
        0.6750875115394592,
        0.011886609718203545
      ]
    ],
    "surface_texture_complexity": 0.005951795727014542
  },
  "spatial_features_augmented": [
    {
      "depth_variance": 0.04435894265770912,
      "surface_roughness": 0.2267463207244873,
      "edge_density": -0.0001947968266904354,
      "spatial_complexity": 0.03639468178153038,
      "dominant_depth_regions": [
        [
          0.6924278111536799,
          0.38975632190704346,
          0.00412823585793376
        ],
        [
          0.16518090070213623,
          0.03121442347764969,
          0.0036577980499714613
        ],
        [
          0.1423912881441839,
          0.7415332198143005,
          0.014922219328582287
        ]
      ],
      "surface_texture_complexity": 0.004475515801459551
    },
    {
      "depth_variance": 0.02959613874554634,
      "surface_roughness": 0.22809487581253052,
      "edge_density": -0.0018349557649344206,
      "spatial_complexity": 0.03438622131943703,
      "dominant_depth_regions": [
        [
          0.724698498829773,
          0.38277339935302734,
          0.003551374189555645
        ],
        [
          0.1177568909229141,
          0.6647514700889587,
          0.011583389714360237
        ],
        [
          0.15754461024731295,
          0.07035913318395615,
          0.007458718493580818
        ]
      ],
      "surface_texture_complexity": 0.0053281537257134914
    },
    {
      "depth_variance": 0.03447604551911354,
      "surface_roughness": 0.24548722803592682,
      "edge_density": -0.0003822363505605608,
      "spatial_complexity": 0.03999479115009308,
      "dominant_depth_regions": [
        [
          0.690303513662587,
          0.37135279178619385,
          0.003978497348725796
        ],
        [
          0.1556551035315514,
          0.6778904795646667,
          0.011973905377089977
        ],
        [
          0.15404138280586158,
          0.06858937442302704,
          0.007274277973920107
        ]
      ],
      "surface_texture_complexity": 0.00586668262258172
    }
  ],
  "quality_scores": [
    0.6277486894829982,
    0.75,
    0.75
  ],
  "spatial_consistency_score": 0.8239936649366243,
  "processing_time": 1.2089455127716064
}